worker_id,completed,approved,rejected,blocked,avghittime,relevance_stdev,sentiment_stdev,position_stdev
212,31,31,0,0,60.16129032,0.875250819,0.906909479,0.930697407
58,947,947,0,0,226.6810982,0.979208225,0.868115567,0.903852032
18,2712,2712,0,0,52.21533923,0.435310529,0.732935047,0.732415845
41,59,59,0,0,56.77966102,1.111494875,0.954437337,0.914412152
34,632,632,0,0,141.568038,1.252632023,0.969684655,0.888023706
71,378,378,0,0,135.5634921,0.839495723,0.930691029,0.978787753
112,684,684,0,0,585.4239766,1.386686032,1.175314778,1.268169985
134,43,43,0,0,84.81395349,0.872248048,0.844399316,0.908878679
159,161,161,0,0,62.8136646,0.455813453,0.9389622,0.631991393
279,133,133,0,0,26.54135338,0.942693067,1.060921885,1.07637746
310,38,38,0,0,70.23684211,0.830694691,0.950473941,0.949222098
114,369,369,0,0,316.9620596,0.716794163,0.831956989,0.839243053
123,244,244,0,0,108.5286885,0.843804587,1.028776285,0.973401099
42,637,637,0,0,68.4411303,0.619067344,0.728659966,0.736125752
84,153,153,0,0,1154.176471,1.008274536,0.954329526,0.926839616
192,38,38,0,0,122.1052632,0.93661662,0.715450891,0.549378758
436,16,16,0,0,58.5625,1,0.852131145,0.961333583
74,993,993,0,0,151.4874119,0.578082454,0.461513808,0.709780082
747,5,5,0,0,-9,0.804673847,0.476969601,0.632455532
81,127,127,0,0,78,1.150724836,1.016637131,1.051146417
323,111,111,0,0,93.91891892,1.177828876,0.804166446,1.038895476
132,410,410,0,0,203.8926829,1.095960724,0.395922976,0.488088236
7,965,965,0,0,319.0590674,0.651831748,0.663082197,0.81341009
407,14,14,0,0,82.21428571,0.939496174,1.021463866,0.798595706
291,40,40,0,0,78.175,0.957678671,0.907090921,0.814279206
22,215,215,0,0,112.3023256,1.217691718,0.611150718,0.677264435
60,982,982,0,0,53.30142566,0.594545767,0.294727595,0.407888512
85,618,618,0,0,112.7071197,0.834216941,1.107147916,1.024596876
8,343,343,0,0,262.0699708,0.697220964,1.034909233,1.00953797
129,129,129,0,0,73.62790698,0.991718003,0.621645277,0.808139797
31,660,660,0,0,147.6469697,0.745879021,0.588568666,0.720216305
32,560,560,0,0,162.2767857,0.753633709,0.585513151,0.585885002
101,322,322,0,0,160.9099379,0.654649527,1.150639889,1.127073476
6,955,955,0,0,38.41570681,0.772430142,1.150268956,1.111572909
82,66,66,0,0,86.15151515,0.942535071,1.158068354,1.15269971
158,309,309,0,0,233.6440129,0.870064289,0.620969317,0.617404051
37,806,806,0,0,360.5,0.435348536,0.595604974,0.881611302
351,11,11,0,0,65.63636364,1.021210997,0.841829963,0.833324319
79,31,31,0,0,122.7096774,1,1.113336852,1.172131148
56,255,255,0,0,258.5607843,1.054402535,0.674230128,0.836508193
196,15,15,0,0,96.06666667,0.822597512,1.043440269,1.153538951
456,3,3,0,0,-9,1.213351648,1.212878551,1.19226155
3,412,412,0,0,54.05825243,0.658449282,0.895897299,0.801567768
109,124,124,0,0,59.36290323,1.018907412,0.826291053,0.820368132
70,311,311,0,0,53.91318328,0.936148039,0.826327659,0.89376254
144,75,75,0,0,8931.053333,0.970772888,1.046864225,1.107324766
306,12,12,0,0,118.6666667,1.028879852,1.019549312,1.072292268
1,463,463,0,0,127.1684665,1.051247363,0.605621717,0.888773995
474,36,36,0,0,165.5833333,0.819209006,0.770829256,1.09354656
595,6,6,0,0,-9,0.927024811,0.897527468,0.927024811
76,168,168,0,0,81,0.775273341,1.082694547,1.175544201
80,213,213,0,0,113.8450704,0.470456738,1.076326501,1.094618284
1119,1,1,0,0,-9,-9,-9,-9
915,5,5,0,0,-9,1.345362405,1.444818328,1.468034282
806,6,6,0,0,-9,0.538451999,0.978057883,0.877971146
807,2,2,0,0,-9,-9,-9,-9
185,24,24,0,0,94.91666667,1.068762183,1.026281851,1.087754511
469,10,10,0,0,87.2,0.805838073,0.733143915,1.023474475
316,13,13,0,0,74.46153846,1.065009654,1.070596883,1.07565087
234,14,14,0,0,92.07142857,0.589015089,1.269239689,1.330447025
319,15,15,0,0,100.2666667,1.02252411,0.606864874,0.624133988
219,68,68,0,0,36.23529412,0.888451656,1.192811028,1.233275442
370,19,19,0,0,96.31578947,0.838293181,1.171863967,1.138428299
94,34,34,0,0,275.9411765,0.805474349,1.099596748,1.100007966
128,23,23,0,0,53.04347826,0.935730056,0.90301279,0.871779789
190,65,65,0,0,1152.646154,1.168439763,1.14738576,1.079468146
371,1,1,0,0,-9,-9,-9,-9
233,4,4,0,0,-9,0.390312375,1.111024302,1.118033989
206,41,41,0,0,105.4634146,0.99455687,0.954939857,1.079758707
207,1,1,0,0,-9,-9,-9,-9
162,163,163,0,0,60.20245399,0.672381163,0.895883408,0.950308338
208,10,10,0,0,7581.9,0.92161543,0.900959708,0.956182887
78,124,124,0,0,72.89516129,1.000357636,0.86487486,0.910479491
194,62,62,0,0,62.14516129,1.219789722,1.251808534,1.249095923
218,187,187,0,0,53.02673797,0.840817692,0.5794462,0.524004222
493,4,4,0,0,-9,0.242061459,1.198957881,1.198957881
419,85,85,0,0,980.3058824,0.696077741,0.71331261,0.700321231
786,9,9,0,0,-9,0,1.275360031,1.381926996
417,22,22,0,0,61.90909091,0.791222508,1.249770125,1.261400151
494,2,2,0,0,-9,-9,-9,-9
25,630,630,0,0,67.05396825,0.91302539,0.581266004,0.793470655
488,9,9,0,0,-9,0.98248551,0.937474279,1.054092553
530,4,4,0,0,-9,0.916429894,1.218349293,1.223149112
1110,5,1,4,0,-9,0.476969601,0.217944947,0.3
10,386,386,0,0,597.4378238,0.906805836,1.247047371,1.352102302
489,11,11,0,0,78.81818182,0.915883713,0.776727613,0.889272616
15,345,345,0,0,106.4,0.872693347,0.802127839,0.872330202
1176,1,1,0,0,-9,-9,-9,-9
729,5,5,0,0,-9,1.067707825,1.38443731,1.38443731
1003,2,2,0,0,-9,-9,-9,-9
93,23,23,0,0,158.8695652,0.368123787,1.319611775,1.290506268
733,3,3,0,0,-9,0.897527468,1.135781669,0.953462589
148,42,42,0,0,56.47619048,0.931010228,1.212273664,1.184203476
1018,1,1,0,0,-9,-9,-9,-9
249,126,126,0,0,51.46825397,0.238879331,1.087641877,1.083266104
44,634,634,0,0,24033.35174,0.786042635,1.200138729,1.28921322
1065,1,1,0,0,-9,-9,-9,-9
799,2,2,0,0,-9,-9,-9,-9
54,318,318,0,0,127.2106918,0.976210936,0.995236797,1.246621537
705,11,11,0,0,109.3636364,1.17897385,1.011533725,1.099997296
111,51,51,0,0,156.3137255,0.865969909,1.103760244,1.187815504
454,25,25,0,0,66,0.7,0.661751085,0.649544101
137,291,291,0,0,243.9690722,1.022056619,0.901183059,0.902493579
92,449,449,0,0,447.4521158,0.584795555,0.815809675,0.887329412
1002,1,1,0,0,-9,-9,-9,-9
103,66,66,0,0,60.98484848,0.862805289,0.738330145,0.980581818
373,2,2,0,0,-9,-9,-9,-9
372,22,22,0,0,173.1818182,0.962024273,0.884865736,0.92103686
951,3,3,0,0,-9,1.154700538,1.1426091,1.114924013
182,11,11,0,0,80.90909091,1.626707622,1.131875377,1.047445873
169,54,54,0,0,110.1851852,0.701751679,1.076744764,1.016383273
197,120,120,0,0,6207.566667,0.779286421,0.855605336,1.061498026
1163,1,1,0,0,-9,-9,-9,-9
337,23,23,0,0,48.52173913,0.785321386,0.973357275,1.083853012
820,6,6,0,0,-9,0.471404521,1.306367951,1.330726619
514,10,10,0,0,254.9,0.678232998,1.24498996,1.2
650,1,1,0,0,-9,-9,-9,-9
923,1,1,0,0,-9,-9,-9,-9
873,4,4,0,0,-9,0.992156742,0.442216639,0.853749898
295,102,102,0,0,1870.27451,1.014998892,0.887262029,0.909783695
63,75,75,0,0,100.6,1.285750969,0.805842012,1.088639959
400,17,17,0,0,120.9411765,1.021714923,1.153660602,1.291042192
345,13,13,0,0,95.07692308,0.676092147,0.988094814,1.147901352
728,1,1,0,0,-9,-9,-9,-9
89,594,594,0,0,154.3333333,1.248679426,0.674043509,0.649003788
125,82,82,0,0,78.8902439,0.842164563,1.177522467,1.114539118
792,3,3,0,0,-9,1.187317237,0.715818898,0.276385399
142,26,26,0,0,99.88461538,0.769951585,1.123972246,1.058915377
1027,1,1,0,0,-9,-9,-9,-9
909,3,3,0,0,-9,1.178511302,0.862006703,1.105541597
452,6,6,0,0,-9,1.098452194,1.103354569,1.059657183
204,38,38,0,0,97,1.235283873,1.164456408,1.287359218
483,54,54,0,0,126.9814815,0.748569738,0.940597263,1.022660656
87,30,30,0,0,748.0666667,0.802599942,0.781024968,0.805536398
91,410,407,0,0,319.5429975,0.715653107,0.985930899,0.965286659
376,40,40,0,0,1553.825,1.009254056,0.91023142,0.96923534
665,6,6,0,0,-9,0.978057883,1.411537659,1.173107614
394,5,5,0,0,-9,0.591607978,1.194780315,1.195559652
666,7,7,0,0,-9,0.60080728,0.900680015,0.633865691
868,1,1,0,0,-9,-9,-9,-9
560,19,19,0,0,4176.578947,1.180989772,0.964145977,0.942399747
1019,1,1,0,0,-9,-9,-9,-9
288,110,110,0,0,19.25454545,1.207919802,1.059311633,1.085675361
577,7,7,0,0,-9,0.515078754,1.16368667,1.12
363,34,34,0,0,210.2941176,0.999972967,0.725672341,0.68247812
745,7,7,0,0,-9,0.617557731,0.888561093,0.888561093
106,15,15,0,0,76.46666667,1.22972445,0.864101613,1
153,76,76,0,0,56,0.768350923,0.826273622,0.879062485
440,25,25,0,0,97.36,1.029368739,0.988904035,0.967090909
161,5,5,0,0,-9,0.90967027,1.316841685,1.316841685
23,431,431,0,0,66.19489559,1.10486203,1.309888538,1.24809893
355,20,20,0,0,45.35,0.591475908,1.03738965,1.100239208
68,155,155,0,0,45655.51613,0.982023649,0.9659658,0.860041407
165,17,17,0,0,50.17647059,1.163903467,1.072737584,1.183284094
172,10,10,0,0,135.5,0.93240281,1.081376438,1.09287465
1181,1,1,0,0,-9,-9,-9,-9
46,235,235,0,0,207.0382979,1.003576109,0.959239893,1.012872839
653,1,1,0,0,-9,-9,-9,-9
333,4,4,0,0,-9,0.484122918,1.218349293,1.170937125
61,347,347,0,0,389.7118156,0.984175172,0.730030113,0.833290111
65,200,200,0,0,59.365,0.644775882,0.63328607,0.542545779
513,5,5,0,0,-9,0.90967027,0.476969601,0.874381459
124,6,6,0,0,-9,1.306367951,0.9,0.793968191
565,15,15,0,0,52.86666667,0.838484082,1.211923933,1.382161562
21,490,490,0,0,655.8816327,1.04289708,0.887256991,0.944782632
766,2,2,0,0,-9,-9,-9,-9
718,3,3,0,0,-9,1.105541597,-9,1.2
773,5,5,0,0,-9,0.963068014,0.836660027,0.908561921
228,14,14,0,0,278.3571429,0.731053196,0.832801701,0.976117883
748,9,9,0,0,-9,1.139566194,1.00277393,1.249970273
768,5,5,0,0,-9,1.024695077,1.297771369,1.29349534
581,2,2,0,0,-9,-9,-9,-9
582,4,4,0,0,-9,0.966226552,1.108869621,0.914732034
346,13,13,0,0,182.7692308,1.392472366,1.32354452,1.407475354
1145,1,1,0,0,-9,-9,-9,-9
193,13,13,0,0,85.30769231,1.133637127,0.818377912,0.795235814
359,2,2,0,0,-9,-9,-9,-9
1140,1,1,0,0,-9,-9,-9,-9
406,4,4,0,0,-9,0.330718914,0.726184377,0.899218411
674,3,3,0,0,-9,0,1.118033989,1
334,6,6,0,0,-9,1.165922382,1.116915395,1.252661566
53,72,72,0,0,86.86111111,0.809824655,1.10090831,1.090071694
484,21,21,0,0,91.95238095,0.913103775,0.747118066,0.884243697
798,9,9,0,0,-9,0.942809042,0.968749537,1.053910169
1113,1,1,0,0,-9,-9,-9,-9
1105,2,2,0,0,-9,-9,-9,-9
257,6,6,0,0,-9,0.897527468,1.017799992,1.063219066
492,3,3,0,0,-9,0.595119036,0.721687836,0.745355993
986,1,1,0,0,-9,-9,-9,-9
632,8,8,0,0,-9,1.322875656,1.089724736,1.067543178
615,7,7,0,0,-9,0.646813224,1.083267921,1.32239347
1166,1,1,0,0,-9,-9,-9,-9
984,1,1,0,0,-9,-9,-9,-9
851,1,1,0,0,-9,-9,-9,-9
451,13,13,0,0,104.5384615,1.280255152,1.572221132,1.593715958
945,2,2,0,0,-9,-9,-9,-9
141,50,50,0,0,4812.84,0.792448737,0.697306663,0.744430555
828,1,1,0,0,-9,-9,-9,-9
958,1,1,0,0,-9,-9,-9,-9
59,863,863,0,0,30.79374276,0.627495976,1.038430491,1.073751429
531,10,10,0,0,519.4,0.879985795,0.640312424,0.661437828
145,10,10,0,0,101,0.948683298,1.18393809,1.073253822
972,1,1,0,0,-9,-9,-9,-9
300,45,45,0,0,59.04444444,0.86037603,0.890467349,0.933779655
563,11,11,0,0,128.0909091,1.193993231,1.565573079,1.539277428
332,8,8,0,0,-9,0.75,0.609174647,0.612372436
667,6,6,0,0,-9,1.312334646,1.4731369,1.132893072
317,3,3,0,0,-9,0.645497224,0.640095479,0.623609564
933,1,1,0,0,-9,-9,-9,-9
539,3,3,0,0,-9,0.745355993,1.178511302,1.258305739
315,2,2,0,0,-9,-9,-9,-9
270,16,16,0,0,81.5625,0.851813323,1.146838192,1.174260997
988,4,4,0,0,-9,0.788095013,0.869226987,0.748331477
143,297,297,0,0,135.8552189,0.668803754,1.080421226,1.077999579
198,1,1,0,0,-9,-9,-9,-9
549,3,3,0,0,-9,0.687184271,0.849836586,1.187317237
626,12,12,0,0,2150.75,0.998044964,1.047320824,1.154632324
472,12,12,0,0,195.0833333,0.759202798,0.772886471,0.977052394
703,2,2,0,0,-9,-9,-9,-9
519,4,4,0,0,-9,0.916429894,0.699854212,0.820651807
835,2,2,0,0,-9,-9,-9,-9
49,190,190,0,0,39.04736842,0.980416802,0.543960384,0.543521605
343,10,10,0,0,109,0.384057287,0.866025404,0.842244026
1124,2,2,0,0,-9,-9,-9,-9
9001,17,0,17,0,156.8823529,0,0,0
1081,1,1,0,0,-9,-9,-9,-9
1164,1,1,0,0,-9,-9,-9,-9
460,1,1,0,0,-9,-9,-9,-9
64,194,194,0,0,351.4020619,1.118022106,0.955819276,1.103103394
809,2,2,0,0,-9,-9,-9,-9
191,27,27,0,0,90.07407407,1.020830709,0.988129546,0.968710483
30,219,219,0,0,87.42465753,0.822041467,0.753111777,1.111112498
263,26,26,0,0,365.6153846,0.586380811,0.635197868,0.649234301
900,4,4,0,0,-9,0.982264603,0.901387819,0.956846673
797,2,2,0,0,-9,-9,-9,-9
1109,1,1,0,0,-9,-9,-9,-9
737,5,5,0,0,-9,0.640312424,1.499506822,1.349994521
664,8,8,0,0,-9,0.987717539,0.8326664,0.683130051
1099,1,1,0,0,-9,-9,-9,-9
872,7,7,0,0,-9,1.017073633,0.914732034,0.742307489
275,1,1,0,0,-9,-9,-9,-9
645,1,1,0,0,-9,-9,-9,-9
318,12,12,0,0,71.41666667,0.762625217,0.865774781,0.986013297
455,11,11,0,0,61.81818182,0.865727134,1.024840211,0.878195702
886,3,3,0,0,-9,1.518405597,1.113552873,-9
890,3,3,0,0,-9,0.595119036,1.114924013,1.5
974,2,2,0,0,-9,-9,-9,-9
697,1,1,0,0,-9,-9,-9,-9
278,3,3,0,0,-9,1.299038106,1.157083824,1.298441532
424,17,17,0,0,178.0588235,0.802650238,0.84794355,1.021463866
1021,1,1,0,0,-9,-9,-9,-9
754,3,3,0,0,-9,0.799305254,0.471404521,0.816496581
578,25,25,0,0,60.68,0.739932429,0.686636891,0.880157496
1090,2,2,0,0,-9,-9,-9,-9
749,5,5,0,0,-9,1.161895004,0.881917104,1.013793755
844,1,1,0,0,-9,-9,-9,-9
610,8,8,0,0,-9,0.94991776,1.112786343,1.131334059
1185,1,1,0,0,-9,-9,-9,-9
678,2,2,0,0,-9,-9,-9,-9
1034,1,1,0,0,-9,-9,-9,-9
926,2,2,0,0,-9,-9,-9,-9
1095,2,2,0,0,-9,-9,-9,-9
948,1,1,0,0,-9,-9,-9,-9
906,1,1,0,0,-9,-9,-9,-9
181,1,1,0,0,-9,-9,-9,-9
183,45,45,0,0,157.3555556,0.897372708,1.155112524,1.233533517
184,2,2,0,0,-9,-9,-9,-9
350,2,2,0,0,-9,-9,-9,-9
567,9,9,0,0,-9,1.542354701,1.14140684,1.135923668
1056,1,1,0,0,-9,-9,-9,-9
437,6,6,0,0,-9,1.16368667,0.715818898,0.767361046
1121,1,1,0,0,-9,-9,-9,-9
706,1,1,0,0,-9,-9,-9,-9
464,3,3,0,0,-9,0.276385399,0.816496581,0.953793595
680,1,1,0,0,-9,-9,-9,-9
593,2,2,0,0,-9,-9,-9,-9
247,21,21,0,0,68.52380952,0.467024887,1.084575426,1.106310491
1156,1,1,0,0,-9,-9,-9,-9
825,1,1,0,0,-9,-9,-9,-9
604,4,4,0,0,-9,0.559016994,0.829156198,1.053268722
938,1,1,0,0,-9,-9,-9,-9
175,27,27,0,0,184.5925926,1.056489191,1.037700133,1.072891296
444,1,1,0,0,-9,-9,-9,-9
445,2,2,0,0,-9,-9,-9,-9
232,158,158,0,0,941.0949367,0.80867744,0.845603737,0.894508711
466,6,6,0,0,-9,1.117257306,0.81438513,0.868407872
447,10,10,0,0,70.8,1.3854151,0.685679303,0.852802865
1170,1,1,0,0,-9,-9,-9,-9
1115,1,1,0,0,-9,-9,-9,-9
935,2,2,0,0,-9,-9,-9,-9
956,1,1,0,0,-9,-9,-9,-9
1060,1,1,0,0,-9,-9,-9,-9
244,12,12,0,0,477.1666667,0.763478425,0.742730978,0.747391296
732,1,1,0,0,-9,-9,-9,-9
434,14,14,0,0,168.4285714,1.063662329,1.262071885,1.201576873
342,21,21,0,0,116.2380952,0.937003837,0.982899594,1.032848357
953,3,3,0,0,-9,0.577350269,0.623609564,1.010362971
276,47,47,0,0,435.9361702,1.016096682,1.195924877,1.21903803
1010,3,3,0,0,-9,0.623609564,0.759202798,1.187317237
901,2,2,0,0,-9,-9,-9,-9
687,7,7,0,0,-9,1.113461233,0.934049774,1.046739349
867,1,1,0,0,-9,-9,-9,-9
1168,1,1,0,0,-9,-9,-9,-9
392,40,40,0,0,70.275,1.273758587,0.522875164,0.54256336
375,1,1,0,0,-9,-9,-9,-9
215,56,56,0,0,30.10714286,0.638111826,0.54332393,0.377964473
954,1,1,0,0,-9,-9,-9,-9
251,10,10,0,0,68.9,1.161626016,1.153363305,1.290994449
869,1,1,0,0,-9,-9,-9,-9
848,7,7,0,0,-9,1.103681224,0.60080728,0.556730617
857,5,5,0,0,-9,0,1.351850583,1.417744688
1017,4,4,0,0,-9,1.363589014,0.806225775,-9
150,27,27,0,0,242.7777778,0.688430752,0.80315735,0.794571776
1080,1,1,0,0,-9,-9,-9,-9
314,20,20,0,0,167,1.004676565,1.079848338,1.023279419
237,37,37,0,0,1278.864865,0.87796248,0.944449962,1.117257306
1175,1,1,0,0,-9,-9,-9,-9
561,9,9,0,0,-9,0.862006703,1.091493484,1.179095543
1004,2,2,0,0,-9,-9,-9,-9
507,2,2,0,0,-9,-9,-9,-9
523,12,12,0,0,189.9166667,0.692218655,1.117839869,1.263812574
884,5,5,0,0,-9,0.668954408,0.973396117,0.994987437
717,1,1,0,0,-9,-9,-9,-9
259,101,101,0,0,164.7425743,0.820737735,0.986398383,0.99443711
462,6,6,0,0,-9,0.623609564,0.812232862,1.098452194
146,131,131,0,0,81.92366412,1.07932797,0.769226145,0.764963583
62,116,116,0,0,74.80172414,0.852138384,0.822182149,0.811172838
810,1,1,0,0,-9,-9,-9,-9
177,121,121,0,0,58.42975207,0.526381245,1.323807151,1.236178545
879,6,6,0,0,-9,1.059841445,0.73479967,0.789470638
858,3,3,0,0,-9,0.623609564,0.721687836,0.721687836
356,1,1,0,0,-9,-9,-9,-9
859,2,2,0,0,-9,-9,-9,-9
43,2543,352,2191,1,9.918993315,0.326025339,0.21373859,0.210717339
570,9,9,0,0,-9,1.27747581,1.148320929,1.086692186
217,143,143,0,0,251.7692308,0.999914418,0.63651731,0.631106774
176,198,198,0,0,103.489899,0.833822935,0.591557847,0.562451643
495,4,4,0,0,-9,0.768012858,1.184205958,1.102199506
69,73,73,0,0,215.2054795,0.534455088,0.823019215,0.640312047
1074,2,2,0,0,-9,-9,-9,-9
1098,2,2,0,0,-9,-9,-9,-9
693,2,2,0,0,-9,-9,-9,-9
821,2,2,0,0,-9,-9,-9,-9
714,3,3,0,0,-9,0.640095479,1.067187373,1.037491633
139,20,20,0,0,106.9,1.182951816,1.12827797,1.254904907
39,89,89,0,0,160.4157303,0.859399083,0.87936592,0.999442574
880,3,3,0,0,-9,0.763762616,1.114924013,0.935966376
248,28,28,0,0,5151.321429,0.77261813,1.160576915,1.056442818
100,23,23,0,0,97.08695652,0.825729328,0.890313367,1.021682576
996,1,1,0,0,-9,-9,-9,-9
377,1,1,0,0,-9,-9,-9,-9
735,2,2,0,0,-9,-9,-9,-9
559,1,1,0,0,-9,-9,-9,-9
461,1,1,0,0,-9,-9,-9,-9
679,1,1,0,0,-9,-9,-9,-9
167,8,8,0,0,-9,0.789951541,1.013950558,0.983738754
668,3,3,0,0,-9,1.1426091,1.114924013,0.655554777
713,1,1,0,0,-9,-9,-9,-9
2,189,189,0,0,91.55026455,0.744965043,0.563982059,0.574848256
255,128,128,0,0,48.5703125,0.850914945,1.470391033,1.589039729
677,1,1,0,0,-9,-9,-9,-9
980,2,2,0,0,-9,-9,-9,-9
213,26,26,0,0,84.03846154,0.595533176,1.053138168,1.002546757
126,1,1,0,0,-9,-9,-9,-9
1008,3,3,0,0,-9,0.595119036,0.986013297,0.986013297
72,11,11,0,0,71.45454545,0.503602723,1.103151009,1.078288742
774,9,9,0,0,-9,1.063928778,0.756969454,0.779677596
36,515,515,0,0,89.78446602,0.792611721,0.436870656,0.436935913
808,3,3,0,0,-9,0.623609564,1.247219129,1.067187373
1022,1,1,0,0,-9,-9,-9,-9
630,7,7,0,0,-9,1.049781318,0.966643678,1.05375519
992,1,1,0,0,-9,-9,-9,-9
309,17,17,0,0,87.64705882,0.639494556,0.911646102,0.78301056
1011,1,1,0,0,-9,-9,-9,-9
439,4,4,0,0,-9,0.982264603,1.319013237,1.358732441
569,1,1,0,0,-9,-9,-9,-9
965,3,3,0,0,-9,0.493006649,1.114924013,1.247219129
289,130,130,0,0,82.9,0.920702073,1.175032711,1.286793559
793,2,2,0,0,-9,-9,-9,-9
168,151,151,0,0,55.41721854,0.834625951,1.133643415,1.14578728
1179,1,1,0,0,-9,-9,-9,-9
636,12,12,0,0,68.75,1.190055729,1.042628454,1.137397141
179,50,50,0,0,79.12,0.964365076,0.730584443,0.973813451
555,14,14,0,0,97.92857143,0.654410079,1.169304378,1.215057051
892,2,2,0,0,-9,-9,-9,-9
385,2,2,0,0,-9,-9,-9,-9
110,134,134,0,0,2541.059701,0.825588687,1.081033968,1.078383187
762,4,4,0,0,-9,0.390312375,1.235857496,1.285435238
115,222,222,0,0,106.8648649,1.055071408,1.042743007,0.973135185
788,8,8,0,0,-9,0.992156742,1.318246241,1.318246241
1142,1,1,0,0,-9,-9,-9,-9
48,131,131,0,0,50.53435115,0.664418202,0.917072393,1.051844338
613,3,3,0,0,-9,0.276385399,1.040833,1.114924013
975,1,1,0,0,-9,-9,-9,-9
741,1,1,0,0,-9,-9,-9,-9
528,2,2,0,0,-9,-9,-9,-9
1053,1,1,0,0,-9,-9,-9,-9
1149,1,1,0,0,-9,-9,-9,-9
258,7,7,0,0,-9,0.871165066,1.49957477,1.463850109
887,1,1,0,0,-9,-9,-9,-9
989,1,1,0,0,-9,-9,-9,-9
405,25,25,0,0,162.52,1.461882348,1.229689479,1.179872351
985,2,2,0,0,-9,-9,-9,-9
113,13,13,0,0,111.9230769,0.792904928,1.237004729,1.181270209
73,497,497,0,0,85.90342052,0.654945804,0.251736316,0.237664492
149,60,60,0,0,44.76666667,0.37043518,1.13328119,1.142113804
840,6,6,0,0,-9,0.753464222,1.067187373,1.012937148
427,5,5,0,0,-9,1.090871211,1.374368542,1.374368542
338,38,38,0,0,122.9473684,0.881063282,1.261495049,1.10971891
917,1,1,0,0,-9,-9,-9,-9
83,330,330,0,0,85.02121212,1.047046438,1.219496856,1.27162762
205,7,7,0,0,-9,1.600382607,1.249793371,1.223901093
962,1,1,0,0,-9,-9,-9,-9
589,5,5,0,0,-9,0.556776436,1.118033989,1.067707825
794,1,1,0,0,-9,-9,-9,-9
51,142,142,0,0,83.3943662,0.530873358,0.951042199,0.943729073
9002,6,6,0,0,-9,0.745355993,1.279472954,1.313014684
580,5,5,0,0,-9,1.240967365,1.268079135,1.095726829
669,7,7,0,0,-9,0.778374811,0.749942842,0.696568088
403,3,3,0,0,-9,1.343709625,1.028518954,1.028518954
482,11,11,0,0,80.72727273,1.319748286,0.816496581,0.822439138
1086,1,1,0,0,-9,-9,-9,-9
736,1,1,0,0,-9,-9,-9,-9
966,1,1,0,0,-9,-9,-9,-9
607,4,4,0,0,-9,0.966226552,0.768012858,0.927024811
40,44,44,0,0,51.95454545,0.674367434,1.164591629,1.120570723
999,1,1,0,0,-9,-9,-9,-9
266,133,133,0,0,135.6015038,1.042192802,0.817697925,0.84103853
676,3,3,0,0,-9,0.623609564,1.027402334,0.862006703
852,3,3,0,0,-9,0.942809042,1.07565087,1.135454182
689,20,20,0,0,94.9,0.844097151,0.978561752,1.020121397
535,18,18,0,0,122.7777778,1.509230856,1.167047327,1.22808661
1104,1,1,0,0,-9,-9,-9,-9
390,6,6,0,0,-9,0.5204165,1.105541597,1.378782676
587,2,2,0,0,-9,-9,-9,-9
357,1,1,0,0,-9,-9,-9,-9
160,1,1,0,0,-9,-9,-9,-9
631,6,6,0,0,-9,1.114924013,0.916429894,0.984305914
401,5,5,0,0,-9,0.734846923,0.864580823,0.87120765
166,36,36,0,0,76.02777778,0.832609639,1.124421537,0.991033101
776,4,4,0,0,-9,0.768012858,0.901387819,1.184205958
785,1,1,0,0,-9,-9,-9,-9
960,4,4,0,0,-9,0.559016994,1.143095213,1.030157507
627,2,2,0,0,-9,-9,-9,-9
1037,1,1,0,0,-9,-9,-9,-9
151,108,108,0,0,115.1111111,0.897909476,0.950951821,1.146360309
805,1,1,0,0,-9,-9,-9,-9
929,3,3,0,0,-9,1.320248293,1.322875656,1.187317237
325,31,31,0,0,185.2580645,0.676025832,0.857472337,1.003906475
981,1,1,0,0,-9,-9,-9,-9
99,235,235,0,0,72.62978723,0.994513582,0.973542002,1.259503956
944,4,4,0,0,-9,1.390537216,1.26370043,1.220571964
546,2,2,0,0,-9,-9,-9,-9
380,1,1,0,0,-9,-9,-9,-9
411,11,11,0,0,53.81818182,0.913625056,0.775063314,0.879049073
822,1,1,0,0,-9,-9,-9,-9
800,2,2,0,0,-9,-9,-9,-9
11,168,168,0,0,426.0178571,0.994750206,1.38565544,1.470600917
261,41,41,0,0,113.5609756,0.894389778,1.01611095,1.07065322
591,1,1,0,0,-9,-9,-9,-9
936,1,1,0,0,-9,-9,-9,-9
937,1,1,0,0,-9,-9,-9,-9
1042,1,1,0,0,-9,-9,-9,-9
388,52,52,0,0,52.44230769,0.791723436,1.31048228,1.354780054
1118,1,1,0,0,-9,-9,-9,-9
802,1,1,0,0,-9,-9,-9,-9
672,1,1,0,0,-9,-9,-9,-9
673,3,3,0,0,-9,0.372677996,0.866025404,0.953793595
795,2,2,0,0,-9,-9,-9,-9
448,14,14,0,0,112.5,1,1.059841445,0.949232146
304,22,22,0,0,81,0.907669343,1.335796541,1.249397225
842,1,1,0,0,-9,-9,-9,-9
104,145,145,0,0,69.26206897,1.008317078,1.257821329,1.193467394
767,3,3,0,0,-9,1.224744871,1.378704626,-9
1107,1,1,0,0,-9,-9,-9,-9
280,86,86,0,0,54.65116279,0.986866158,0.94387849,1.032639918
281,15,15,0,0,83.6,0.960902354,0.809427213,0.959339844
1167,1,1,0,0,-9,-9,-9,-9
537,10,10,0,0,50.5,1.034105894,0.916515139,0.998749218
487,10,10,0,0,82.1,0.62249498,1.085126721,1.130265456
331,47,47,0,0,97.06382979,1.112045656,0.866453763,0.880589977
911,2,2,0,0,-9,-9,-9,-9
4,63,63,0,0,79.49206349,0.997982343,0.771481146,0.895610636
1072,1,1,0,0,-9,-9,-9,-9
765,11,11,0,0,163.8181818,0.669587266,0.913502893,1.034824467
1012,2,2,0,0,-9,-9,-9,-9
246,6,6,0,0,-9,0.661437828,1.370772415,1.370772415
52,148,148,0,0,123.2432432,1.143398924,0.851665953,0.933811549
811,1,1,0,0,-9,-9,-9,-9
592,9,9,0,0,-9,0.506135199,1.174247855,1.097678441
293,13,13,0,0,3414.307692,1.192927878,0.714132486,0.615384615
710,24,24,0,0,81.70833333,1.030565851,1.276413636,1.376892637
603,1,1,0,0,-9,-9,-9,-9
186,3,3,0,0,-9,0.866025404,1.114924013,1.089724736
568,4,4,0,0,-9,0.496078371,0.726184377,0.65847836
239,109,109,0,0,77.06422018,0.967726844,1.127730829,1.215688006
573,8,8,0,0,-9,0.999511599,1.370113586,1.2683615
816,2,2,0,0,-9,-9,-9,-9
1158,1,1,0,0,-9,-9,-9,-9
964,1,1,0,0,-9,-9,-9,-9
170,71,71,0,0,109.5633803,0.870131623,0.932860492,0.738659578
178,3,3,0,0,-9,1.105541597,0.715818898,0.668042657
57,104,104,0,0,62.15384615,0.877361037,1.020600104,1.005124929
1025,2,2,0,0,-9,-9,-9,-9
171,83,83,0,0,57.42168675,0.949746129,1.0484891,1.018196102
435,8,8,0,0,-9,1.286574303,1.074172311,1.074860663
982,3,3,0,0,-9,0.372677996,1.220655562,1.220655562
387,1,1,0,0,-9,-9,-9,-9
386,1,1,0,0,-9,-9,-9,-9
268,8,8,0,0,-9,0.70641591,0.896499268,1.138804197
771,5,5,0,0,-9,1.113552873,1.178982612,1.160818677
35,147,147,0,0,697.6666667,0.800272626,0.971674087,0.908872645
231,22,22,0,0,2164.272727,0.876400886,1.325681572,1.210994684
755,4,4,0,0,-9,0.982264603,1.083205121,0.730296743
47,401,401,0,0,185.3017456,0.74637575,0.643255018,0.738387038
739,3,3,0,0,-9,1.497683396,1.341640787,1.374772708
656,4,4,0,0,-9,0.612372436,1.285435238,1.111024302
1141,3,3,0,0,-9,0.986013297,0.849836586,1.027402334
131,111,111,0,0,412.7567568,0.828813528,0.85097159,0.897425621
242,6,6,0,0,-9,1.033299731,1.079319487,1.037491633
550,6,6,0,0,-9,0.288675135,0.57584479,0.57130455
518,1,1,0,0,-9,-9,-9,-9
1097,1,1,0,0,-9,-9,-9,-9
384,3,3,0,0,-9,0.595119036,1.299038106,1.404358296
834,1,1,0,0,-9,-9,-9,-9
889,3,3,0,0,-9,0.552770798,0.623609564,0.471404521
540,23,23,0,0,234.4782609,0.800150624,0.933514506,1.098047126
526,2,2,0,0,-9,-9,-9,-9
282,1,1,0,0,-9,-9,-9,-9
1189,1,1,0,0,-9,-9,-9,-9
1184,1,1,0,0,-9,-9,-9,-9
421,2,2,0,0,-9,-9,-9,-9
86,204,204,0,0,56.89215686,0.97266486,0.88736716,1.023398139
827,1,1,0,0,-9,-9,-9,-9
402,22,22,0,0,82.95454545,1.127006933,0.754569414,0.984171606
203,55,55,0,0,39.85454545,1.154751234,1.189407305,1.162157534
216,52,52,0,0,59.48076923,0.939937659,1.135854549,1.09334961
136,47,47,0,0,83.93617021,0.991646869,1.198829361,1.233888825
553,16,16,0,0,78.8125,0.848798553,0.935243884,1.13646946
830,3,3,0,0,-9,0.640095479,0.897527468,1.027402334
442,2,2,0,0,-9,-9,-9,-9
520,1,1,0,0,-9,-9,-9,-9
311,1,1,0,0,-9,-9,-9,-9
344,43,43,0,0,115.7209302,1.159355391,1.21318589,1.196370199
1127,1,1,0,0,-9,-9,-9,-9
724,3,3,0,0,-9,0.862006703,1.114924013,1.089724736
336,8,8,0,0,-9,1.165922382,1.976176469,1.932453104
616,2,2,0,0,-9,-9,-9,-9
712,1,1,0,0,-9,-9,-9,-9
1155,1,1,0,0,-9,-9,-9,-9
548,6,6,0,0,-9,0.904272267,1.037491633,1.114924013
572,1,1,0,0,-9,-9,-9,-9
1020,1,1,0,0,-9,-9,-9,-9
829,1,1,0,0,-9,-9,-9,-9
781,3,3,0,0,-9,0.276385399,0.924211376,1.1426091
711,6,6,0,0,-9,0.799305254,1.171863426,1.135751098
135,39,39,0,0,67.46153846,0.840379481,1.5192526,1.510796212
378,5,5,0,0,-9,1.326649916,1.024152766,1.043955818
608,8,8,0,0,-9,0.927024811,1.172413793,1.048185114
97,5,5,0,0,-9,1.067707825,1.392018772,1.462362525
779,1,1,0,0,-9,-9,-9,-9
299,84,84,0,0,98.5952381,1.266945094,1.355705418,1.321115592
905,1,1,0,0,-9,-9,-9,-9
910,1,1,0,0,-9,-9,-9,-9
443,2,2,0,0,-9,-9,-9,-9
502,2,2,0,0,-9,-9,-9,-9
5,15,15,0,0,117.6,0.902311846,1.203708521,1.346641405
1039,1,1,0,0,-9,-9,-9,-9
963,1,1,0,0,-9,-9,-9,-9
634,7,7,0,0,-9,0.854161482,0.847816529,0.999313894
383,1,1,0,0,-9,-9,-9,-9
1111,1,1,0,0,-9,-9,-9,-9
1040,1,1,0,0,-9,-9,-9,-9
1169,1,1,0,0,-9,-9,-9,-9
542,2,2,0,0,-9,-9,-9,-9
152,4,4,0,0,-9,0.866025404,1.375984496,1.349897115
138,6,6,0,0,-9,1.247219129,0.998268397,1.067187373
941,1,1,0,0,-9,-9,-9,-9
927,1,1,0,0,-9,-9,-9,-9
1041,2,2,0,0,-9,-9,-9,-9
541,3,3,0,0,-9,1.299038106,1.157083824,1.264911064
655,11,11,0,0,65.63636364,0.761957028,1.143088905,1.157663113
804,1,1,0,0,-9,-9,-9,-9
274,19,19,0,0,59.36842105,0.917945888,1.009179924,1.118605518
600,10,10,0,0,137.3,1.240967365,0.812610615,0.937078622
782,1,1,0,0,-9,-9,-9,-9
635,15,15,0,0,77.06666667,1.040699551,0.805536398,0.903081146
1147,1,1,0,0,-9,-9,-9,-9
943,1,1,0,0,-9,-9,-9,-9
1159,2,2,0,0,-9,-9,-9,-9
499,16,16,0,0,90.9375,0.841867112,1.081696828,1.133631187
459,4,4,0,0,-9,1.346291202,1.123486636,1.398411798
995,2,2,0,0,-9,-9,-9,-9
1136,1,1,0,0,-9,-9,-9,-9
450,26,26,0,0,146.7692308,0.935364926,0.97953761,0.989383498
1096,1,1,0,0,-9,-9,-9,-9
552,2,2,0,0,-9,-9,-9,-9
9003,99,0,99,0,22.84848485,0.050188401,0.156891157,0.070887216
1046,1,1,0,0,-9,-9,-9,-9
978,2,2,0,0,-9,-9,-9,-9
1112,1,1,0,0,-9,-9,-9,-9
997,1,1,0,0,-9,-9,-9,-9
865,1,1,0,0,-9,-9,-9,-9
221,8,8,0,0,-9,0.695268608,0.559016994,0.242061459
629,3,3,0,0,-9,0.687184271,0.862006703,0.640095479
98,21,21,0,0,71.14285714,0.886085432,1.377235795,1.362658287
210,32,32,0,0,6583.40625,0.953893133,1.080726029,1.230710542
863,1,1,0,0,-9,-9,-9,-9
864,1,1,0,0,-9,-9,-9,-9
751,3,3,0,0,-9,1.471960144,0.707106781,0.640095479
990,2,2,0,0,-9,-9,-9,-9
907,2,2,0,0,-9,-9,-9,-9
254,25,25,0,0,74.76,1.38,1.350432457,1.186195103
322,125,125,0,0,55.864,1.126097687,0.969068927,1.093778852
284,1,1,0,0,-9,-9,-9,-9
457,14,14,0,0,48.14285714,0.933879062,1.085473423,1.14508711
220,86,86,0,0,57.94186047,0.754823815,0.865855218,1.017023045
675,7,7,0,0,-9,0.847415037,1.214434877,1.40213278
870,1,1,0,0,-9,-9,-9,-9
967,1,1,0,0,-9,-9,-9,-9
895,4,4,0,0,-9,1.452368755,0.638876565,0.860113898
20,874,874,0,0,699.51373,0.664374061,0.632759845,0.643004064
940,2,2,0,0,-9,-9,-9,-9
1133,3,3,0,0,-9,1.010362971,1.38443731,1.320248293
389,35,35,0,0,124.8571429,1.009419918,1.035136769,1.014898347
571,1,1,0,0,-9,-9,-9,-9
590,1,1,0,0,-9,-9,-9,-9
622,7,7,0,0,-9,1.440574574,0.970931683,0.701065891
916,1,1,0,0,-9,-9,-9,-9
843,2,2,0,0,-9,-9,-9,-9
481,5,5,0,0,-9,0.860232527,0.908561921,0.964752778
476,2,2,0,0,-9,-9,-9,-9
893,1,1,0,0,-9,-9,-9,-9
1076,1,1,0,0,-9,-9,-9,-9
1066,2,2,0,0,-9,-9,-9,-9
725,2,2,0,0,-9,-9,-9,-9
67,288,288,0,0,62.30902778,0.793024219,1.126720822,1.136463943
432,1,1,0,0,-9,-9,-9,-9
364,9,9,0,0,-9,1.20825351,1.168850263,1.379254781
601,19,19,0,0,124.5789474,0.991218367,1.235611061,1.171863426
1092,1,1,0,0,-9,-9,-9,-9
412,11,11,0,0,128,0.516264395,1.071802375,1.039508784
894,1,1,0,0,-9,-9,-9,-9
524,2,2,0,0,-9,-9,-9,-9
430,6,6,0,0,-9,1.098452194,1.341809791,1.272418021
330,1,1,0,0,-9,-9,-9,-9
1032,1,1,0,0,-9,-9,-9,-9
294,5,5,0,0,-9,1.268857754,0.628539361,0.577350269
721,4,4,0,0,-9,0.856956825,1.274754878,1.248436522
245,1,1,0,0,-9,-9,-9,-9
918,1,1,0,0,-9,-9,-9,-9
699,2,2,0,0,-9,-9,-9,-9
428,5,5,0,0,-9,1.178982612,1.220655562,1.152171862
1089,1,1,0,0,-9,-9,-9,-9
787,4,4,0,0,-9,1.170937125,0.829156198,0.618241233
230,20,20,0,0,65.35,0.706111712,0.833291666,0.888603989
522,10,10,0,0,22.7,1.28233186,1.217116784,1.05301404
738,1,1,0,0,-9,-9,-9,-9
730,3,3,0,0,-9,0.866025404,0.552770798,0.745355993
597,8,8,0,0,-9,1.056508844,1.431036969,1.391216687
961,1,1,0,0,-9,-9,-9,-9
1009,1,1,0,0,-9,-9,-9,-9
1078,1,1,0,0,-9,-9,-9,-9
399,11,11,0,0,66.09090909,0.961017023,0.868110421,0.919261292
949,7,7,0,0,-9,1.26571751,1.30104125,1.256276758
783,2,2,0,0,-9,-9,-9,-9
1173,1,1,0,0,-9,-9,-9,-9
756,4,4,0,0,-9,1.130196333,0.653197265,0.816496581
704,10,10,0,0,105.6,1.539277428,1.424876639,1.34404301
538,11,11,0,0,108.2727273,0.953462589,1.070596883,0.995859195
695,3,3,0,0,-9,0.953793595,1.010362971,1.187317237
973,2,2,0,0,-9,-9,-9,-9
576,1,1,0,0,-9,-9,-9,-9
458,7,7,0,0,-9,0.60080728,1.080910425,1.070833168
26,77,77,0,0,66.79220779,0.833170277,1.012314192,1.110264508
353,13,13,0,0,80.61538462,1.019774891,1.315024692,1.313336237
554,7,7,0,0,-9,0.874817765,1.001911439,1.066656037
297,14,14,0,0,117.3571429,0.920292766,1.108881906,1.199857592
77,4,4,0,0,-9,0.866025404,1.043955818,1.043955818
260,11,11,0,0,140.9090909,1.19226155,0.71401264,0.558554806
201,77,77,0,0,211.2337662,0.783510917,0.772809119,0.862262113
841,3,3,0,0,-9,1.497683396,1.1,0.781024968
700,6,6,0,0,-9,1.111024302,1.402477147,1.585705777
368,70,70,0,0,626.3571429,1.082773272,1.023979151,1.127310702
719,1,1,0,0,-9,-9,-9,-9
199,4,4,0,0,-9,1.053268722,0.559016994,0.559016994
328,16,16,0,0,69.1875,0.998044964,0.975383587,0.995327962
1160,2,2,0,0,-9,-9,-9,-9
633,5,5,0,0,-9,0.5,0.888819442,0.99380799
654,1,1,0,0,-9,-9,-9,-9
188,1,1,0,0,-9,-9,-9,-9
579,4,4,0,0,-9,0,1.197327754,1.165922382
1063,1,1,0,0,-9,-9,-9,-9
878,2,2,0,0,-9,-9,-9,-9
130,143,143,0,0,1522.734266,0.477282333,1.062992366,1.062992366
223,72,72,0,0,79.95833333,0.841625412,1.08127121,1.127654012
75,198,198,0,0,683.3888889,0.979381355,0.639890104,0.712125763
425,1,1,0,0,-9,-9,-9,-9
1171,1,1,0,0,-9,-9,-9,-9
105,13,13,0,0,104.0769231,1.06916851,1.110467094,1.045804743
638,3,3,0,0,-9,0.799305254,-9,1.067940011
1000,1,1,0,0,-9,-9,-9,-9
485,3,3,0,0,-9,1.16368667,1.431637795,1.135454182
740,1,1,0,0,-9,-9,-9,-9
240,126,126,0,0,88.88095238,0.819182575,0.869072534,1.066344123
1130,1,1,0,0,-9,-9,-9,-9
1091,1,1,0,0,-9,-9,-9,-9
398,26,26,0,0,78.26923077,0.959035203,1.18099773,1.135544037
88,139,139,0,0,76.35971223,0.973915466,1.072751763,1.124282275
9,56,56,0,0,59.53571429,1.141181808,1.149869248,1.285110313
391,14,14,0,0,124.6428571,0.92564787,0.971648861,1.029736206
1162,1,1,0,0,-9,-9,-9,-9
365,15,15,0,0,98.6,0.896133671,1.06426322,0.999846095
313,17,17,0,0,139.3529412,0.958931787,1.129013472,1.1399942
696,3,3,0,0,-9,1.320248293,-9,1.326649916
784,2,2,0,0,-9,-9,-9,-9
850,1,1,0,0,-9,-9,-9,-9
202,1,1,0,0,-9,-9,-9,-9
1001,1,1,0,0,-9,-9,-9,-9
156,38,38,0,0,66.55263158,0.898188967,1.200857491,1.190161598
449,2,2,0,0,-9,-9,-9,-9
441,1,1,0,0,-9,-9,-9,-9
431,1,1,0,0,-9,-9,-9,-9
301,30,30,0,0,64.76666667,1.073804245,0.829616712,0.812019088
648,3,3,0,0,-9,1.312334646,1.542778432,1.553455226
214,11,11,0,0,250.9090909,0.92597949,0.903105295,0.943387163
66,219,219,0,0,573.6073059,1.252686278,1.187534713,1.067328401
1023,2,2,0,0,-9,-9,-9,-9
285,4,4,0,0,-9,1.268611446,0.928559218,0.869226987
1178,1,1,0,0,-9,-9,-9,-9
352,14,14,0,0,51.92857143,0.861410507,0.809039835,0.831209415
45,5,5,0,0,-9,0.871779789,1.275735082,1.275735082
1187,1,1,0,0,-9,-9,-9,-9
663,13,13,0,0,93,0.760284515,1.006451085,1.006451085
438,1,1,0,0,-9,-9,-9,-9
882,3,3,0,0,-9,0.759202798,1.781447086,1.813835715
404,43,43,0,0,82.8372093,0.730154788,1.014541623,1.212864704
658,5,5,0,0,-9,0.583095189,0.842614977,0.974679434
639,6,6,0,0,-9,1.010362971,0.929659039,0.964752778
609,1,1,0,0,-9,-9,-9,-9
517,4,4,0,0,-9,0.768012858,0.962091386,1.16368667
1129,1,1,0,0,-9,-9,-9,-9
769,2,2,0,0,-9,-9,-9,-9
1055,1,1,0,0,-9,-9,-9,-9
860,1,1,0,0,-9,-9,-9,-9
861,1,1,0,0,-9,-9,-9,-9
1143,1,1,0,0,-9,-9,-9,-9
367,4,4,0,0,-9,1.053268722,1.019803903,1.019803903
273,7,7,0,0,-9,0.88640526,1.131641394,1.025192864
496,2,2,0,0,-9,-9,-9,-9
348,99,99,0,0,207.040404,0.975633527,1.225456637,1.171926637
823,10,10,0,0,126.1,1.165922382,1.340475662,1.311109555
250,2,2,0,0,-9,-9,-9,-9
504,4,4,0,0,-9,0.807677999,0.966226552,1.087930949
845,3,3,0,0,-9,0.276385399,1.462494065,1.58771324
1144,1,1,0,0,-9,-9,-9,-9
12,251,251,0,0,100.5657371,0.72921972,1.091302906,1.033068756
913,5,5,0,0,-9,1.409787218,0.77975938,0.831479419
14,468,468,0,0,1056.014957,0.896055486,1.049831864,1.051564339
791,1,1,0,0,-9,-9,-9,-9
120,55,55,0,0,58.50909091,0.972132358,0.969193435,0.962209952
414,20,20,0,0,151.95,1.030776406,0.902217179,1.168569876
1182,1,1,0,0,-9,-9,-9,-9
116,16,16,0,0,65.5625,1.028879852,0.942587312,0.92270474
1005,1,1,0,0,-9,-9,-9,-9
1082,2,2,0,0,-9,-9,-9,-9
302,13,13,0,0,70.15384615,0.824010973,1.082916017,0.979999922
163,45,45,0,0,71.57777778,1.249444321,0.881847107,0.851632419
959,4,4,0,0,-9,0.863767185,1.058817147,0.881670999
983,2,2,0,0,-9,-9,-9,-9
471,15,15,0,0,398.3333333,1.071214264,1.155766252,1.109293681
611,11,11,0,0,60,1.113404429,1.232103288,1.146995716
547,1,1,0,0,-9,-9,-9,-9
1132,1,1,0,0,-9,-9,-9,-9
1068,1,1,0,0,-9,-9,-9,-9
684,10,10,0,0,98.2,1.135781669,1.092659973,1.150695322
1085,1,1,0,0,-9,-9,-9,-9
955,1,1,0,0,-9,-9,-9,-9
256,26,26,0,0,54.38461538,1.058915377,0.978155835,1.004295165
24,415,415,0,0,198.7542169,0.715260931,0.284559734,0.256877517
670,4,4,0,0,-9,0.866025404,0.661437828,0.899218411
931,4,4,0,0,-9,1.322875656,0.928559218,1.06249183
298,4,4,0,0,-9,1.520690633,0.575639598,1.12815215
374,56,56,0,0,138,0.778733191,1.045612636,1.118440473
369,42,42,0,0,134.2619048,1.076031778,1.109680675,1.084756227
505,4,4,0,0,-9,1.053268722,1.143937826,1.198957881
1069,1,1,0,0,-9,-9,-9,-9
155,22,22,0,0,92.04545455,1.046874036,1.11537027,1.167258048
475,2,2,0,0,-9,-9,-9,-9
1057,2,2,0,0,-9,-9,-9,-9
533,3,3,0,0,-9,0,1.190238071,1.320248293
818,3,3,0,0,-9,0.942809042,1.431637795,0.852802865
200,2,2,0,0,-9,-9,-9,-9
1030,1,1,0,0,-9,-9,-9,-9
349,2,2,0,0,-9,-9,-9,-9
623,2,2,0,0,-9,-9,-9,-9
1128,2,2,0,0,-9,-9,-9,-9
308,8,8,0,0,-9,1.170937125,0.870370165,0.919213345
731,2,2,0,0,-9,-9,-9,-9
1139,1,1,0,0,-9,-9,-9,-9
790,5,5,0,0,-9,1.071214264,1.308400305,1.247219129
715,2,2,0,0,-9,-9,-9,-9
1135,1,1,0,0,-9,-9,-9,-9
521,2,2,0,0,-9,-9,-9,-9
970,2,2,0,0,-9,-9,-9,-9
744,4,4,0,0,-9,1,1.401728843,1.285435238
819,1,1,0,0,-9,-9,-9,-9
1191,1,1,0,0,-9,-9,-9,-9
17,226,226,0,0,354.1017699,0.779335945,1.119307694,0.981592998
511,8,8,0,0,-9,1.383143499,0.900680015,1.064261745
164,31,31,0,0,141.7741935,1.29582998,0.75807038,0.888046083
640,1,1,0,0,-9,-9,-9,-9
932,1,1,0,0,-9,-9,-9,-9
500,2,2,0,0,-9,-9,-9,-9
817,1,1,0,0,-9,-9,-9,-9
688,8,8,0,0,-9,0.892678554,1.351442617,1.240153728
1070,1,1,0,0,-9,-9,-9,-9
1077,2,2,0,0,-9,-9,-9,-9
763,1,1,0,0,-9,-9,-9,-9
1106,1,1,0,0,-9,-9,-9,-9
764,1,1,0,0,-9,-9,-9,-9
396,31,31,0,0,1139.741935,0.2456701,1.157026222,1.157026222
413,3,3,0,0,-9,1.027402334,1.187317237,1.280190958
803,1,1,0,0,-9,-9,-9,-9
354,48,48,0,0,79.625,1.105136661,1.03720898,1.015238827
224,139,139,0,0,78.74100719,0.854095011,1.087666986,1.095159967
397,4,4,0,0,-9,0.788095013,0.726184377,0.78062475
1148,1,1,0,0,-9,-9,-9,-9
602,5,5,0,0,-9,1.314343943,0.942072184,0.993730346
855,11,11,0,0,88.63636364,1.245446251,1.16052461,1.084749071
1015,1,1,0,0,-9,-9,-9,-9
473,53,53,0,0,56.35849057,0.930286267,0.804456677,0.981338201
1073,1,1,0,0,-9,-9,-9,-9
28,202,202,0,0,63.13861386,0.986365951,1.025493586,1.026290877
527,21,21,0,0,118.5238095,1.059189353,0.920669939,0.846961481
605,13,13,0,0,311.6153846,1.093958666,0.857142857,0.824954405
647,1,1,0,0,-9,-9,-9,-9
1047,1,1,0,0,-9,-9,-9,-9
661,3,3,0,0,-9,1.381926996,-9,-9
1007,1,1,0,0,-9,-9,-9,-9
117,21,21,0,0,79.9047619,0.755553888,0.894029579,0.92524081
195,22,22,0,0,50,1.304790918,1.181148787,1.193656658
690,9,9,0,0,-9,1.061387399,1.097678441,1.2408029
477,3,3,0,0,-9,0.595119036,1.440968039,1.58771324
272,31,31,0,0,67.74193548,0.690494025,1.14157459,1.086393046
617,3,3,0,0,-9,0.276385399,1.16368667,1.037491633
746,3,3,0,0,-9,0.759202798,1.010362971,1.010362971
409,1,1,0,0,-9,-9,-9,-9
410,3,3,0,0,-9,0.763762616,1.037491633,1.154700538
9004,3,0,3,0,-9,1.233220716,0.385694608,0.445361771
463,16,16,0,0,48.125,1.297533718,0.743833302,0.73271088
681,10,10,0,0,5040.8,1.218349293,1.165613981,1.211703339
498,25,25,0,0,97.32,1.038460399,1.08309741,1.028542658
269,3,3,0,0,-9,0.433012702,1.312334646,1.312334646
934,1,1,0,0,-9,-9,-9,-9
896,4,4,0,0,-9,0.78062475,0.901387819,1.130196333
557,1,1,0,0,-9,-9,-9,-9
96,359,359,0,0,3774.576602,0.943014192,1.173018216,1.166043985
307,1,1,0,0,-9,-9,-9,-9
1051,2,2,0,0,-9,-9,-9,-9
243,5,5,0,0,-9,1.321930407,0.848018751,0.897527468
467,21,21,0,0,134,0.999716513,0.951458584,0.953793595
140,43,43,0,0,64.48837209,0.930432391,1.144795656,1.132481469
1029,1,1,0,0,-9,-9,-9,-9
222,17,17,0,0,110.8823529,0.703888114,1.117931318,1.20778319
856,2,2,0,0,-9,-9,-9,-9
38,63,63,0,0,182.047619,0.849502989,1.032048096,1.024101673
426,20,20,0,0,117.8,1.339542832,1.30104125,1.135049745
296,1,1,0,0,-9,-9,-9,-9
946,1,1,0,0,-9,-9,-9,-9
1190,1,1,0,0,-9,-9,-9,-9
50,131,131,0,0,1714.603053,0.936842149,1.132033829,1.316067342
329,1,1,0,0,-9,-9,-9,-9
643,1,1,0,0,-9,-9,-9,-9
433,20,20,0,0,97.4,1.048510849,1.250692329,1.251245916
683,1,1,0,0,-9,-9,-9,-9
644,2,2,0,0,-9,-9,-9,-9
1031,1,1,0,0,-9,-9,-9,-9
508,6,6,0,0,-9,0.73479967,0.711458249,0.678141979
262,27,27,0,0,80.81481481,0.65019518,0.711458249,0.729251171
991,2,2,0,0,-9,-9,-9,-9
122,30,30,0,0,275.1333333,1.029428104,1.348695372,1.350246451
9005,2,2,0,0,-9,-9,-9,-9
326,7,7,0,0,-9,1.196828291,0.962432331,0.989743319
189,55,55,0,0,78.98181818,0.824170006,0.915625367,0.949216363
320,20,20,0,0,41.8,0.646988215,1.004875154,1.009012424
490,6,6,0,0,-9,0.563656219,1.067187373,1.059841445
408,26,26,0,0,93.76923077,1.228325398,1.167091759,1.267342731
1033,1,1,0,0,-9,-9,-9,-9
264,12,12,0,0,46,0.912633171,1.119512451,1.169072144
596,8,8,0,0,-9,0.704339229,1.276569477,1.360827635
801,1,1,0,0,-9,-9,-9,-9
671,5,5,0,0,-9,1.019803903,0.973328527,0.935599412
881,6,6,0,0,-9,0.865022479,0.856956825,0.904272267
734,14,14,0,0,88.57142857,1.119743958,1.172467962,1.285218158
33,1,1,0,0,-9,-9,-9,-9
512,17,17,0,0,130.4117647,1.365985708,1.510958779,1.526929577
957,1,1,0,0,-9,-9,-9,-9
1125,3,3,0,0,-9,1.290994449,1.113404429,1.266217116
833,4,4,0,0,-9,1.060660172,0.856956825,0.881670999
750,1,1,0,0,-9,-9,-9,-9
1038,6,6,0,0,-9,0.73479967,1.218349293,1.247219129
637,6,6,0,0,-9,1.111024302,0.906014171,0.954758936
598,3,3,0,0,-9,1.010362971,1.105541597,0.721687836
253,15,15,0,0,112.2666667,0.903542411,1.235137565,1.248066281
742,1,1,0,0,-9,-9,-9,-9
478,1,1,0,0,-9,-9,-9,-9
479,6,6,0,0,-9,1.299038106,0.987455949,0.811960454
777,1,1,0,0,-9,-9,-9,-9
529,2,2,0,0,-9,-9,-9,-9
544,15,15,0,0,86.93333333,1.215181742,1.037491633,1.07890376
147,18,18,0,0,74.05555556,0.877971146,1.30341136,1.344609463
919,3,3,0,0,-9,0.759202798,0.663324958,-9
620,8,8,0,0,-9,0.992156742,1.318669363,1.222020185
347,31,31,0,0,73.38709677,1.290423383,1.030325312,1.129616213
659,2,2,0,0,-9,-9,-9,-9
621,3,3,0,0,-9,0.799305254,0.862006703,0.897527468
16,689,689,0,0,703.6719884,0.781859193,0.781686743,0.830187938
772,6,6,0,0,-9,1.224035902,0.861616081,0.861616081
574,1,1,0,0,-9,-9,-9,-9
321,11,11,0,0,106.2727273,0.546873155,0.834434534,1.110384864
698,2,2,0,0,-9,-9,-9,-9
660,1,1,0,0,-9,-9,-9,-9
685,8,8,0,0,-9,0.544862368,1.376931998,1.431763937
1045,1,1,0,0,-9,-9,-9,-9
903,4,4,0,0,-9,0.863767185,1.274754878,1.359738537
287,64,64,0,0,63.03125,1.262867124,0.737273601,0.727503979
236,90,90,0,0,94.97777778,0.889583062,1.148687476,1.113896939
267,7,7,0,0,-9,0.771792242,1.046739349,1.310767807
29,86,86,0,0,83.93023256,0.686631353,0.99853266,0.956658836
209,9,9,0,0,-9,0.895806416,1.179415282,1.206783548
757,6,6,0,0,-9,1.187317237,1.443852743,1.324436571
1150,1,1,0,0,-9,-9,-9,-9
1083,2,2,0,0,-9,-9,-9,-9
694,1,1,0,0,-9,-9,-9,-9
532,1,1,0,0,-9,-9,-9,-9
849,1,1,0,0,-9,-9,-9,-9
625,10,10,0,0,66,1.166190379,0.929465075,1.202123915
846,1,1,0,0,-9,-9,-9,-9
551,4,4,0,0,-9,1.030776406,0.853749898,1.108869621
211,10,10,0,0,52.6,0.93240281,0.607762289,0.726291952
506,6,6,0,0,-9,1.089724736,0.978057883,0.934485896
642,2,2,0,0,-9,-9,-9,-9
27,7,7,0,0,-9,0.257539377,1.1627729,1.175320191
173,6,6,0,0,-9,0.996521729,1.091013941,0.899826973
950,1,1,0,0,-9,-9,-9,-9
1050,1,1,0,0,-9,-9,-9,-9
1062,1,1,0,0,-9,-9,-9,-9
453,1,1,0,0,-9,-9,-9,-9
1186,1,1,0,0,-9,-9,-9,-9
1183,2,2,0,0,-9,-9,-9,-9
1071,2,2,0,0,-9,-9,-9,-9
133,53,53,0,0,76.1509434,0.268826544,0.859203001,0.782322377
866,1,1,0,0,-9,-9,-9,-9
1131,1,1,0,0,-9,-9,-9,-9
180,1,1,0,0,-9,-9,-9,-9
55,95,95,0,0,131.7157895,0.89241184,0.948289842,1.193371026
1024,2,2,0,0,-9,-9,-9,-9
702,1,1,0,0,-9,-9,-9,-9
1165,1,1,0,0,-9,-9,-9,-9
657,7,7,0,0,-9,0.899971655,0.70980739,0.673855795
1048,1,1,0,0,-9,-9,-9,-9
1054,1,1,0,0,-9,-9,-9,-9
121,1,1,0,0,-9,-9,-9,-9
1161,1,1,0,0,-9,-9,-9,-9
854,2,2,0,0,-9,-9,-9,-9
812,4,4,0,0,-9,1.297533718,1.111024302,0.704339229
501,2,2,0,0,-9,-9,-9,-9
1108,1,1,0,0,-9,-9,-9,-9
758,2,2,0,0,-9,-9,-9,-9
416,2,2,0,0,-9,-9,-9,-9
914,1,1,0,0,-9,-9,-9,-9
902,1,1,0,0,-9,-9,-9,-9
1174,1,1,0,0,-9,-9,-9,-9
415,8,8,0,0,-9,1.274371782,0.903507903,0.981330833
497,8,8,0,0,-9,0.814300889,1.472537723,1.546134711
335,90,90,0,0,3812.355556,0.709633882,0.822596736,0.790758651
612,11,11,0,0,92.72727273,1.355086835,0.945714016,1.002766257
1049,1,1,0,0,-9,-9,-9,-9
839,2,2,0,0,-9,-9,-9,-9
303,1,1,0,0,-9,-9,-9,-9
994,1,1,0,0,-9,-9,-9,-9
979,1,1,0,0,-9,-9,-9,-9
789,1,1,0,0,-9,-9,-9,-9
770,4,4,0,0,-9,0.390312375,1.224744871,1.130196333
1026,1,1,0,0,-9,-9,-9,-9
836,3,3,0,0,-9,0.924211376,0.830662386,1.118033989
127,6,6,0,0,-9,0.862006703,1.311897245,1.392662381
1114,1,1,0,0,-9,-9,-9,-9
157,23,23,0,0,59.60869565,0.704428337,1.23052946,1.23052946
1058,3,3,0,0,-9,0.552770798,1.322875656,1.320248293
1116,1,1,0,0,-9,-9,-9,-9
977,1,1,0,0,-9,-9,-9,-9
692,1,1,0,0,-9,-9,-9,-9
606,4,4,0,0,-9,0.484122918,0.899218411,1.143937826
780,1,1,0,0,-9,-9,-9,-9
743,1,1,0,0,-9,-9,-9,-9
503,2,2,0,0,-9,-9,-9,-9
366,6,3,0,0,-9,1.105541597,0.792527081,0.792527081
831,1,1,0,0,-9,-9,-9,-9
594,6,6,0,0,-9,1,1.275969895,1.194780315
102,3,3,0,0,-9,0.623609564,0.924211376,0.623609564
838,1,1,0,0,-9,-9,-9,-9
229,21,21,0,0,246.6666667,1.287696884,1.12504724,1.258305739
340,4,4,0,0,-9,1.17260394,1.166190379,1.095445115
566,1,1,0,0,-9,-9,-9,-9
641,1,1,0,0,-9,-9,-9,-9
312,1,1,0,0,-9,-9,-9,-9
361,29,29,0,0,75.55172414,0.696730943,0.743362832,0.878420194
1151,1,1,0,0,-9,-9,-9,-9
491,1,1,0,0,-9,-9,-9,-9
971,1,1,0,0,-9,-9,-9,-9
1177,1,1,0,0,-9,-9,-9,-9
1013,1,1,0,0,-9,-9,-9,-9
876,1,1,0,0,-9,-9,-9,-9
277,1,1,0,0,-9,-9,-9,-9
585,1,1,0,0,-9,-9,-9,-9
362,12,12,0,0,88.75,0.888780375,1.16030623,1.278367565
759,2,2,0,0,-9,-9,-9,-9
510,14,14,0,0,18.35714286,0.653678758,0.706204283,0.706204283
238,23,23,0,0,88.7826087,1.344095468,0.848159773,0.953939201
95,101,101,0,0,170.4455446,1.234113835,1.028702602,1.028138437
998,1,1,0,0,-9,-9,-9,-9
853,2,2,0,0,-9,-9,-9,-9
813,1,1,0,0,-9,-9,-9,-9
241,25,25,0,0,276.64,0.610819122,0.979120874,0.824621125
575,4,4,0,0,-9,0.845484329,0.856956825,0.807677999
722,4,4,0,0,-9,0.78062475,1.157516199,1.197327754
418,18,18,0,0,93.38888889,1.066373658,0.849774795,0.884176756
775,8,8,0,0,-9,1.344839674,1.166605927,1.15341109
1064,2,2,0,0,-9,-9,-9,-9
1043,1,1,0,0,-9,-9,-9,-9
118,72,72,0,0,76.125,1.064330984,1.185849768,1.138810355
928,1,1,0,0,-9,-9,-9,-9
235,60,60,0,0,86.2,0.980929265,1.034210731,1.025922515
1100,2,2,0,0,-9,-9,-9,-9
465,13,13,0,0,143.3846154,0.969009437,0.741477271,0.925523429
339,8,8,0,0,-9,1.053268722,0.496078371,0.661437828
1006,1,1,0,0,-9,-9,-9,-9
952,3,3,0,0,-9,0.721687836,1.037491633,0.953793595
1061,1,1,0,0,-9,-9,-9,-9
720,7,7,0,0,-9,0.939496174,0.963843391,1.159601033
753,1,1,0,0,-9,-9,-9,-9
618,2,2,0,0,-9,-9,-9,-9
290,3,3,0,0,-9,0.816496581,1.212878551,1.233150906
826,7,7,0,0,-9,0.60080728,1.108869621,1.271247981
899,2,2,0,0,-9,-9,-9,-9
614,4,4,0,0,-9,0.788095013,1.080910425,1.04246568
682,5,5,0,0,-9,1.596871942,1.349099405,1.409311594
119,15,15,0,0,152.8,1.055540936,0.769230769,0.739920089
1120,1,1,0,0,-9,-9,-9,-9
847,1,1,0,0,-9,-9,-9,-9
1014,1,1,0,0,-9,-9,-9,-9
480,3,3,0,0,-9,0.433012702,1.320248293,1.187317237
662,1,1,0,0,-9,-9,-9,-9
509,1,1,0,0,-9,-9,-9,-9
686,1,1,0,0,-9,-9,-9,-9
908,3,3,0,0,-9,0.745355993,0.924211376,1.224744871
1157,1,1,0,0,-9,-9,-9,-9
286,5,5,0,0,-9,1.2,1.19670329,1.129022302
874,2,2,0,0,-9,-9,-9,-9
1126,1,1,0,0,-9,-9,-9,-9
327,24,24,0,0,70.58333333,1.130340334,1.084562581,0.965374057
875,2,2,0,0,-9,-9,-9,-9
1138,1,1,0,0,-9,-9,-9,-9
1035,1,1,0,0,-9,-9,-9,-9
969,3,3,0,0,-9,0,1.114924013,1.16368667
174,103,103,0,0,67.33980583,0.885706185,1.073081321,1.062165194
90,91,91,0,0,83.03296703,0.833586384,0.821649656,0.937063514
904,1,1,0,0,-9,-9,-9,-9
1103,1,1,0,0,-9,-9,-9,-9
897,1,1,0,0,-9,-9,-9,-9
707,2,2,0,0,-9,-9,-9,-9
429,1,1,0,0,-9,-9,-9,-9
1102,1,1,0,0,-9,-9,-9,-9
942,1,1,0,0,-9,-9,-9,-9
1028,1,1,0,0,-9,-9,-9,-9
420,11,11,0,0,72.81818182,1.018425296,1.183072214,1.15886605
716,2,2,0,0,-9,-9,-9,-9
723,8,8,0,0,-9,0.83794298,1.164964745,1.284685242
1093,1,1,0,0,-9,-9,-9,-9
187,8,8,0,0,-9,1.170937125,1.20047553,1.06249183
646,1,1,0,0,-9,-9,-9,-9
1094,2,2,0,0,-9,-9,-9,-9
423,11,11,0,0,290.2727273,1.115953063,0.907961708,0.982865136
920,1,1,0,0,-9,-9,-9,-9
1137,1,1,0,0,-9,-9,-9,-9
1075,1,1,0,0,-9,-9,-9,-9
701,1,1,0,0,-9,-9,-9,-9
987,1,1,0,0,-9,-9,-9,-9
1067,1,1,0,0,-9,-9,-9,-9
1088,1,1,0,0,-9,-9,-9,-9
871,1,1,0,0,-9,-9,-9,-9
283,4,4,0,0,-9,0.681794507,1.333170563,1.235857496
1079,1,1,0,0,-9,-9,-9,-9
708,3,3,0,0,-9,1.290994449,-9,-9
252,7,7,0,0,-9,1.273753893,1.29614814,1.411949008
930,1,1,0,0,-9,-9,-9,-9
1101,1,1,0,0,-9,-9,-9,-9
883,1,1,0,0,-9,-9,-9,-9
925,1,1,0,0,-9,-9,-9,-9
358,9,9,0,0,-9,0.926296222,1.197670063,1.139566194
1152,1,1,0,0,-9,-9,-9,-9
1087,1,1,0,0,-9,-9,-9,-9
1016,1,1,0,0,-9,-9,-9,-9
778,4,4,0,0,-9,0.559016994,1.145643924,1.218349293
556,10,10,0,0,141.9,0.893028555,1.009488189,1.113541064
13,3,3,0,0,-9,1.258305739,0.715818898,0.852802865
382,9,9,0,0,-9,1.339107866,1.243734296,1.217948454
360,8,8,0,0,-9,1.214736983,0.92306057,0.900680015
832,2,2,0,0,-9,-9,-9,-9
381,2,2,0,0,-9,-9,-9,-9
939,2,2,0,0,-9,-9,-9,-9
1052,1,1,0,0,-9,-9,-9,-9
898,1,1,0,0,-9,-9,-9,-9
422,1,1,0,0,-9,-9,-9,-9
225,49,49,0,0,111.2244898,0.971413029,0.933708787,0.958563121
761,2,2,0,0,-9,-9,-9,-9
691,2,2,0,0,-9,-9,-9,-9
814,1,1,0,0,-9,-9,-9,-9
1180,1,1,0,0,-9,-9,-9,-9
586,1,1,0,0,-9,-9,-9,-9
564,4,4,0,0,-9,1.143937826,1.114924013,0.849836586
652,1,1,0,0,-9,-9,-9,-9
891,2,2,0,0,-9,-9,-9,-9
1059,1,1,0,0,-9,-9,-9,-9
727,1,1,0,0,-9,-9,-9,-9
515,4,4,0,0,-9,1.102199506,1.032795559,0.869226987
516,1,1,0,0,-9,-9,-9,-9
862,1,1,0,0,-9,-9,-9,-9
468,14,14,0,0,144.2857143,0.62039117,1.150781265,1.076572461
292,9,9,0,0,-9,0.797372227,1.182338308,1.108320217
1188,1,1,0,0,-9,-9,-9,-9
525,21,21,0,0,99.42857143,1.15445504,0.987387124,0.965723678
395,1,1,0,0,-9,-9,-9,-9
227,51,51,0,0,87.33333333,0.90838505,1.004259981,1.019834022
226,10,10,0,0,87.3,0.798435971,1.279998356,1.055339263
265,3,3,0,0,-9,1.320248293,1.037491633,1.037491633
993,1,1,0,0,-9,-9,-9,-9
649,11,11,0,0,92.54545455,0.780376578,1.204912469,1.298166115
877,1,1,0,0,-9,-9,-9,-9
583,6,6,0,0,-9,1.111024302,1.047095181,1.072072001
760,1,1,0,0,-9,-9,-9,-9
154,3,3,0,0,-9,1.361677887,1.2489996,0.7
486,3,3,0,0,-9,1.320248293,1.326649916,1.095445115
651,1,1,0,0,-9,-9,-9,-9
588,25,25,0,0,91.16,1.11696016,1.327359486,1.361078647
912,3,3,0,0,-9,0.924211376,0.833195581,0.833195581
341,4,4,0,0,-9,1.75,0.979795897,0.871779789
584,2,2,0,0,-9,-9,-9,-9
1153,1,1,0,0,-9,-9,-9,-9
1134,1,1,0,0,-9,-9,-9,-9
1154,1,1,0,0,-9,-9,-9,-9
922,3,3,0,0,-9,0.745355993,1.105541597,1.037491633
921,1,1,0,0,-9,-9,-9,-9
107,37,37,0,0,113.5135135,0.967207958,1.085238458,1.124469502
324,37,37,0,0,84.89189189,0.726312067,1.07439958,1.087270122
558,5,5,0,0,-9,1.077032961,0.893187513,0.964752778
305,31,31,0,0,41.4516129,0.924399009,0.417582327,0.352668399
947,1,1,0,0,-9,-9,-9,-9
619,5,5,0,0,-9,1.042832681,0.84865871,1.055259877
536,2,2,0,0,-9,-9,-9,-9
1044,3,3,0,0,-9,1.320248293,1.285648693,1.067940011
628,4,4,0,0,-9,0.726184377,1.0749677,0.956846673
624,3,3,0,0,-9,1.320248293,0.830662386,0.792527081
470,1,1,0,0,-9,-9,-9,-9
885,5,5,0,0,-9,1.321930407,0.734846923,0.8
709,3,3,0,0,-9,1.320248293,-9,-9
1122,1,1,0,0,-9,-9,-9,-9
968,1,1,0,0,-9,-9,-9,-9
924,3,3,0,0,-9,0.276385399,1.312334646,1.5
446,15,15,0,0,90.13333333,1.339983416,1.274544158,1.231884031
824,4,4,0,0,-9,0.966226552,1.028879852,1.053268722
1084,1,1,0,0,-9,-9,-9,-9
837,1,1,0,0,-9,-9,-9,-9
562,3,3,0,0,-9,1.343709625,1.164204407,1.5
1172,1,1,0,0,-9,-9,-9,-9
599,1,1,0,0,-9,-9,-9,-9
1036,2,2,0,0,-9,-9,-9,-9
1117,1,1,0,0,-9,-9,-9,-9
888,1,1,0,0,-9,-9,-9,-9
19,4,4,0,0,-9,1.060660172,0.718021974,0.928559218
108,1,1,0,0,-9,-9,-9,-9
545,1,1,0,0,-9,-9,-9,-9
1146,1,1,0,0,-9,-9,-9,-9
752,2,2,0,0,-9,-9,-9,-9
379,2,2,0,0,-9,-9,-9,-9
393,3,3,0,0,-9,1.280190958,0.849836586,1.037491633
1123,1,1,0,0,-9,-9,-9,-9
543,2,2,0,0,-9,-9,-9,-9
976,1,1,0,0,-9,-9,-9,-9
271,1,1,0,0,-9,-9,-9,-9
726,1,1,0,0,-9,-9,-9,-9
796,2,2,0,0,-9,-9,-9,-9
9006,1,0,0,0,-9,-9,-9,-9
